{
  "checkpoint": "final_model_seed42.int6.ptz",
  "decomp": "brotli+unshuffle",
  "p1_modules": 140,
  "p1_total_uncompressed_bytes": 36270442,
  "p2_top5_wasted_bits": [
    [
      "tok_emb.weight",
      4.715452752336871,
      13776389.659062453
    ],
    [
      "blocks.10.mlp.proj.weight",
      3.3282101746946706,
      4898726.687859361
    ],
    [
      "blocks.5.mlp.proj.weight",
      3.3283931918319034,
      4898534.78048167
    ],
    [
      "blocks.7.mlp.proj.weight",
      3.3286751182388477,
      4898239.159217582
    ],
    [
      "blocks.8.mlp.proj.weight",
      3.3290711143262994,
      4897823.927224186
    ]
  ],
  "p3_dead_heads_count": 0,
  "p3_dead_heads_list": [],
  "p4_total_dead_neurons": 0,
  "p4_total_hidden": 22528,
  "p4_per_layer": [
    [
      0,
      0,
      2048,
      0.0,
      1.1792837381362915,
      1.9588470458984375,
      1.3296711444854736
    ],
    [
      1,
      0,
      2048,
      0.0,
      1.1840014457702637,
      2.3024120330810547,
      1.3410394191741943
    ],
    [
      2,
      0,
      2048,
      0.0,
      1.1427327394485474,
      1.9309061765670776,
      1.3687946796417236
    ],
    [
      3,
      0,
      2048,
      0.0,
      1.0734102725982666,
      2.359694480895996,
      1.3537517786026
    ],
    [
      4,
      0,
      2048,
      0.0,
      1.0726567506790161,
      2.9220149517059326,
      1.3516638278961182
    ],
    [
      5,
      0,
      2048,
      0.0,
      1.097818374633789,
      2.716007709503174,
      1.3298358917236328
    ],
    [
      6,
      0,
      2048,
      0.0,
      1.1490989923477173,
      2.2010483741760254,
      1.3718608617782593
    ],
    [
      7,
      0,
      2048,
      0.0,
      1.1901116371154785,
      2.345705032348633,
      1.3886812925338745
    ],
    [
      8,
      0,
      2048,
      0.0,
      1.2155094146728516,
      1.9240188598632812,
      1.395259976387024
    ],
    [
      9,
      0,
      2048,
      0.0,
      1.1695473194122314,
      2.514293670654297,
      1.407600998878479
    ],
    [
      10,
      0,
      2048,
      0.0,
      1.0358284711837769,
      1.93428373336792,
      1.4307342767715454
    ]
  ],
  "p6_low_rank_top": [
    [
      "tok_emb.weight",
      [
        8192,
        512
      ],
      439,
      8.89892578125
    ],
    [
      "blocks.0.mlp.fc.weight",
      [
        2048,
        512
      ],
      438,
      0.0
    ],
    [
      "blocks.0.mlp.proj.weight",
      [
        512,
        2048
      ],
      438,
      0.0
    ],
    [
      "blocks.1.mlp.fc.weight",
      [
        2048,
        512
      ],
      439,
      0.0
    ],
    [
      "blocks.1.mlp.proj.weight",
      [
        512,
        2048
      ],
      431,
      0.0
    ],
    [
      "blocks.2.mlp.fc.weight",
      [
        2048,
        512
      ],
      439,
      0.0
    ],
    [
      "blocks.2.mlp.proj.weight",
      [
        512,
        2048
      ],
      435,
      0.0
    ],
    [
      "blocks.3.mlp.fc.weight",
      [
        2048,
        512
      ],
      436,
      0.0
    ],
    [
      "blocks.3.mlp.proj.weight",
      [
        512,
        2048
      ],
      438,
      0.0
    ],
    [
      "blocks.4.mlp.fc.weight",
      [
        2048,
        512
      ],
      437,
      0.0
    ]
  ],
  "p5": {
    "unseen_rows": 138,
    "vocab_size": 8192,
    "rare_rows_pct": 9.84,
    "H_token": 10.408423123779357,
    "unseen_embed_norm_mean": 1.8754215240478516
  }
}